{
    "mse": 0.00016198377506616209,
    "r2_score": 0.9999955318839707,
    "ais_best": [
        0.6602061684522947,
        -0.5563699228639076,
        0.8893756092176976,
        -0.27356483663331416,
        -0.3094434447909419
    ],
    "hybrid_best": [
        0.46171978074864184,
        0.1448167235625638,
        0.3143268244994599,
        0.47667406789582756,
        0.2953803883113204
    ],
    "sample_predictions": [
        163.14974975585938,
        162.85922241210938,
        162.3928680419922,
        155.13653564453125,
        166.2412109375,
        156.739501953125,
        153.72149658203125,
        158.89483642578125,
        156.45640563964844,
        143.72598266601562,
        165.66749572753906,
        162.268310546875,
        150.66293334960938,
        164.39236450195312,
        162.69720458984375,
        158.3153076171875,
        160.4864044189453,
        153.34140014648438,
        160.59051513671875,
        164.59400939941406
    ]
}