{
    "mse": 0.003684062466464317,
    "r2_score": 0.9998983798312354,
    "sample_predictions": [
        163.223388671875,
        162.93215942382812,
        162.46142578125,
        155.20175170898438,
        166.320068359375,
        156.81170654296875,
        153.79678344726562,
        158.9638214111328,
        156.52828979492188,
        143.78871154785156,
        165.74305725097656,
        162.3375701904297,
        150.73196411132812,
        164.4601287841797,
        162.77182006835938,
        158.391357421875,
        160.55612182617188,
        153.4127197265625,
        160.66104125976562,
        164.66175842285156
    ]
}