{
    "mse": 0.016026950204980926,
    "r2_score": 0.19714056790681922,
    "pso_best_weights": [
        -6.5151981428237296,
        -49.068127296519755,
        -24.929337742414106,
        12.082145281152563,
        0.42066549811252224
    ],
    "sample_predictions": [
        163.03646850585938,
        162.7471466064453,
        162.2792510986328,
        155.01197814941406,
        166.1286163330078,
        156.62278747558594,
        153.60052490234375,
        158.77655029296875,
        156.33511352539062,
        143.61016845703125
    ]
}