{
    "mse": 0.01649869338223684,
    "r2_score": 0.9995449045663152,
    "ais_best": [
        0.2675077198447054,
        -0.5763631371843547,
        2.0389344712663484,
        -0.38290779127063956,
        1.113972196828197
    ],
    "pis_best": [
        -334.4004407357665,
        -658.3343579769795,
        601.3046633454321,
        -441.6609297477828,
        197.06908815832665
    ],
    "sample_predictions": [
        163.0306854248047,
        162.73411560058594,
        162.27691650390625,
        155.0247039794922,
        166.11141967773438,
        156.61363220214844,
        153.60467529296875,
        158.777099609375,
        156.3402862548828,
        143.61962890625,
        165.5370635986328,
        162.14942932128906,
        150.5482940673828,
        164.27516174316406,
        162.56788635253906,
        158.1929473876953,
        160.37086486816406,
        153.22682189941406,
        160.4738006591797,
        164.47421264648438
    ]
}