{
    "mse": 0.0001929600475887627,
    "r2_score": 0.9999946774429643,
    "pso_best": [
        -14.476334693292273,
        -45.27436748181756,
        -23.751819000740667,
        6.726616232939285,
        -13.309660866884675
    ],
    "poa_best": [
        -65017998676041.75,
        -201818751331600.44,
        -105790680384092.47,
        -4484968802443.908,
        -59284825452557.16
    ],
    "sample_predictions": [
        163.17913818359375,
        162.88511657714844,
        162.42201232910156,
        155.15476989746094,
        166.26980590820312,
        156.75685119628906,
        153.74591064453125,
        158.92074584960938,
        156.4779815673828,
        143.7441864013672,
        165.69007873535156,
        162.29592895507812,
        150.68035888671875,
        164.42324829101562,
        162.7161865234375,
        158.33802795410156,
        160.5144805908203,
        153.3627166748047,
        160.6165771484375,
        164.6190643310547
    ]
}