{
    "mse": 0.003060985623213253,
    "r2_score": 0.9999155666120082,
    "pso_best": [
        44.47055890124296,
        -143.322688969894,
        -58.45102797846971,
        -19.04044256418548,
        37.26008366029361
    ],
    "psa_best": [
        0.22116096039854505,
        0.015196706200550025,
        0.44350559497843023,
        0.22459970481767955,
        0.42305054965565103
    ],
    "sample_predictions": [
        163.22560119628906,
        162.92872619628906,
        162.46148681640625,
        155.19314575195312,
        166.30416870117188,
        156.79171752929688,
        153.77059936523438,
        158.95501708984375,
        156.50729370117188,
        143.7886962890625,
        165.74053955078125,
        162.33937072753906,
        150.71719360351562,
        164.46119689941406,
        162.75537109375,
        158.37435913085938,
        160.5630645751953,
        153.39541625976562,
        160.65382385253906,
        164.65597534179688
    ]
}